StationID,StationName
46001,"46001 - WESTERN GULF OF ALASKA  - 175NM SE of Kodiak, AK"
46004,46004 - Middle Nomad
46035,"46035 - CENTRAL BERING SEA - 310 NM North of Adak, AK"
46060,"46060 - WEST ORCA BAY - 8NM NW of Hinchinbrook Is., AK"
46061,"46061 - Seal Rocks - Between Montague and Hinchinbrook Islands, AK"
46066,"46066 - SOUTH KODIAK - 310NM SSW of Kodiak, AK"
46072,46072 - CENTRAL ALEUTIANS 230 NM SW Dutch Harbor
46073,"46073 - SOUTHEAST BERING SEA - 205 NM WNW of Dutch Harbor, AK"
46076,"46076 - CAPE CLEARE - 17 NM South of Montague Is,  AK"
46077,"46077 - SHELIKOF STRAIT, AK"
46078,"46078 - ALBATROSS BANK - 104NM South of Kodiak Is., AK"
46080,"46080 - PORTLOCK BANK- 76 NM ENE of Kodiak, AK"
46081,46081 - Western Prince William Sound
46082,"46082 - Cape Suckling - 35 NM SE of Kayak Is, AK"
46083,"46083 - Fairweather Ground 105 NM West  of Juneau, AK"
46084,"46084 - CAPE EDGECUMBE - 25NM SSW of Cape Edgecumbe, AK"
46087,"46087 - Neah Bay - 6NM North of Cape Flattery, WA     (Traffic Separation Lighted Buoy)"
46088,"46088 - NEW DUNGENESS - 17 NM NE of Port Angeles, WA"
46108,46108 - Lower Cook Inlet (204)
46118,46118 - Se'lhaem Bellingham Bay
46131,46131 - Sentry Shoal
46145,46145 - Central Dixon Entrance Buoy
46146,46146 - Halibut Bank
46147,46147 - South Moresby
46181,46181 - Nanakwa Shoal
46183,46183 - North Hecate Strait
46184,46184 - North Nomad
46204,46204 - West Sea Otter
46207,46207 - East Dellwood
46208,46208 - West Moresby
46246,46246 - Ocean Station PAPA  (166)
46264,"46264 - Kodiak, AK (236)"
48400,48400 - Ocean Climate Station Papa
adka2,"ADKA2 - Adak Island, AK"
ajxa2,"AJXA2 - Juneau AJ Dock, AK"
alia2,"ALIA2 - Alitak, AK"
amaa2,"AMAA2 - East Amatuli Island Light, AK"
anta2,"ANTA2 - Anchorage, AK"
apxa2,"APXA2 - Anchor Point, Kachemak Bay Reserve, AK"
atka2,"ATKA2 - Atka, AK"
auga2,"AUGA2 - Augustine Island, AK"
blia2,"BLIA2 - Bligh Reef Light, AK"
blta2,BLTA2 - Bartlett Cove AK
cdxa2,"CDXA2 - Cape Decision MXAK, AK"
chyw1,"CHYW1 - Cherry Point, WA"
cpmw1,"CPMW1 - Cherry Point South Dock Met, WA"
crva2,"CRVA2 - Cordova, AK"
cspa2,"CSPA2 - Cape Spencer, AK"
drfa2,"DRFA2 - Drift River Terminal, AK"
elfa2,"ELFA2 - Elfin Cove, AK"
eroa2,"EROA2 - Eldred Rock, AK"
erxa2,"ERXA2 - Eldred Rock MXAK, AK"
ffia2,"FFIA2 - Five Fingers, AK"
fila2,"FILA2 - Flat Island Light, AK"
frdw1,"FRDW1 - Friday Harbor, WA"
gixa2,"GIXA2 - Guard Island, AK"
guxa2,"GUXA2 - Gustavus Dock, AK"
haxa2,"HAXA2 - Haines Harbor, AK"
hmra2,"HMRA2 - Homer, Kachemak Bay Reserve, AK"
hmsa2,"HMSA2 - Homer Spit, AK"
icya2,"ICYA2 - Icy Bay, AK"
itka2,"ITKA2 - Sitka, AK"
jlxa2,"JLXA2 - Juneau Library, AK"
jmla2,JMLA2 - Juneau AML Dock
jnea2,"JNEA2 - Juneau, AK"
kdaa2,"KDAA2 - Kodiak Island, AK"
keca2,"KECA2 - Ketchikan, AK"
kexa2,"KEXA2 - Ketchikan Harbor, AK"
kgca2,"KGCA2 - King Cove, AK"
lcna2,"LCNA2 - Lincoln Island, AK"
lixa2,"LIXA2 - Little Island, AK"
mrka2,"MRKA2 - Middle Rock Light, AK"
mrna2,"MRNA2 - Marmion Island, AK"
mrya2,"MRYA2 - Mary Island, AK"
mvxa2,"MVXA2 - Mendenhall Valley, AK"
mxxa2,"MXXA2 - MXAK Office, AK"
neaw1,"NEAW1 - Neah Bay, WA"
nkla2,NKLA2 - Nikolski White Alice
nkta2,"NKTA2 - Nikiski, AK"
nkxa2,"NKXA2 - Naked Island, AK"
nmta2,"NMTA2 - Nome, Norton Sound, AK"
olsa2,"OLSA2 - Nikolski, AK"
ovia2,"OVIA2 - Seldovia, AK"
paxa2,"PAXA2 - Point Arden, AK"
pbfw1,"PBFW1 - Padilla Bay Farm, Padilla Bay Reserve, WA"
pbpa2,"PBPA2 - Point Bishop, AK"
pgxa2,PGXA2 - Point Gardner
pila2,"PILA2 - Pilot Rock, AK"
plxa2,"PLXA2 - Port Alexander, AK"
pota2,"POTA2 - Potato Point, AK"
prda2,"PRDA2 - Prudhoe Bay, AK"
prta2,"PRTA2 - Point Retreat, AK"
ptaw1,"PTAW1 - Port Angeles, WA"
ptla2,"PTLA2 - Portland Island, AK"
ptww1,"PTWW1 - Port Townsend, WA"
rdda2,"RDDA2 - Red Dog Dock, AK"
rixa2,"RIXA2 - Rocky Island, AK"
scxa2,"SCXA2 - Scull Island, AK"
sdia2,"SDIA2 - South Douglas, AK"
shxa2,"SHXA2 - Sitka Harbor, AK"
sisa2,"SISA2 - Sisters Island, AK"
sisw1,"SISW1 - Smith Island, WA"
skta2,"SKTA2 - Skagway, AK"
skxa2,"SKXA2 - Skagway MXAK, AK"
slxa2,"SLXA2 - Salmon Landing, AK"
snda2,"SNDA2 - Sand Point, AK"
stxa2,"STXA2 - Sitka AML, AK"
swla2,"SWLA2 - Seward, AK"
tkea2,"TKEA2 - Tenakee Springs, AK"
ulra2,"ULRA2 - Unalakleet, Unalakleet River, AK"
unla2,"UNLA2 - Unalaska, AK"
vcva2,"VCVA2 - Village Cove, St. Paul Island, AK"
yata2,"YATA2 - Yakutat, Yakutat Bay, AK"
41040,41040 - NORTH EQUATORIAL ONE- 470 NM East of Martinique
41041,41041 - NORTH EQUATORIAL TWO - 890 NM East of Martinique 
41043,"41043 - NE PUERTO RICO - 170 NM NNE of San Juan, PR"
41044,41044 - NE ST MARTIN - 330 NM NE St Martin Is
41046,"41046 - EAST BAHAMAS - 335 NM East of San Salvador Is,  Bahamas "
41052,"41052 - South of St. John, VI"
41053,"41053 - San Juan, PR"
41056,"41056 - Vieques Island, PR"
41115,"41115 - Rincon, Puerto Rico (181)"
41nt0,41NT0 - NTAS - Northwest Tropical Atlantic
42057,"42057 - Western Caribbean - 195 NM WSW of Negril, Jamaica"
42060,42060 - Caribbean Valley - 63 NM WSW of Montserrat
42085,"42085 - Southeast of Ponce, PR"
42095,"42095 - Satan Shoal, FL (244)"
arop4,"AROP4 - Arecibo, PR"
bara9,"BARA9 - Barbuda, AG"
chav3,"CHAV3 - Charlotte Amalie, VI"
clbp4,"CLBP4 - Culebra, PR"
espp4,"ESPP4 - Esperanza, Viequez Island, PR"
gkyf1,"GKYF1 - Garden Key, FL"
joxp4,"JOXP4 - Jobos Bay Weather, Jobos Bay Reserve, PR"
kywf1,"KYWF1 - Key West, FL"
lamv3,"LAMV3 - Lameshur Bay, St John, VI"
lrkf1,"LRKF1 - Little Rabbit Key, FL"
ltbv3,"LTBV3 - Lime Tree Bay, St. Croix, VI"
mgip4,"MGIP4 - Magueyes Islands, PR"
mgzp4,"MGZP4 - Mayaguez, PR"
misp4,"MISP4 - Mona Island, PR"
pkyf1,"PKYF1 - Peterson Key, FL"
plsf1,"PLSF1 - Pulaski Shoals Light, FL"
ptrp4,"PTRP4 - Puntas Rincon, PR"
sanf1,"SANF1 - Sand Key, FL"
sjnp4,"SJNP4 - San Juan, La Puntilla, San Juan Bay, PR"
smkf1,"SMKF1 - Sombrero Key, FL"
vcaf1,"VCAF1 - Vaca Key, FL"
yabp4,"YABP4 - Yabucoa Harbor, PR"
41008,"41008 - GRAYS REEF - 40 NM Southeast of Savannah, GA"
41009,"41009 - CANAVERAL 20 NM East of Cape Canaveral, FL"
41010,41010 - CANAVERAL EAST - 120NM East of Cape Canaveral
41112,"41112 - Offshore Fernandina Beach, FL (132)"
41113,"41113 - Cape Canaveral Nearshore, FL (143)"
41114,"41114 - Fort Pierce, FL (134)"
41117,"41117 - St. Augustine, FL (194)"
42012,"42012 - ORANGE BEACH - 44 NM SE of Mobile, AL"
42013,"42013 - C10 - WFS Central Buoy, 25m Isobath"
42022,"42022 - C12 - WFS Central Buoy, 50m Isobath"
42023,"42023 - C13 - WFS South Buoy, 50m Isobath"
42040,"42040 - LUKE OFFSHORE TEST PLATFORM - 63 NM South of Dauphin Island, AL"
42097,"42097 - Pulley Ridge, FL (226)"
42098,"42098 - Egmont Channel Entrance, FL (214)"
42099,"42099 - Offshore St. Petersburg, FL (144)"
apcf1,"APCF1 - Apalachicola, FL"
arpf1,"ARPF1 - APK - Aripeka, FL"
bdvf1,"BDVF1 - Broad River, FL"
bgcf1,"BGCF1 - BCP - Big Carlos Pass, FL"
bkyf1,"BKYF1 - Buoy Key, FL"
blif1,"BLIF1 - Blount Island Command, St Johns River, FL"
bnkf1,"BNKF1 - Butternut Key, FL"
bobf1,"BOBF1 - Bob Allen, FL"
bwsf1,"BWSF1 - Blackwater Sound, FL"
canf1,"CANF1 - Cane Patch, FL"
cdrf1,"CDRF1 - Cedar Key, FL"
clbf1,"CLBF1 - Clam Bayou, FL"
cnbf1,"CNBF1 - Cannon Bay, FL"
crta1,"CRTA1 - Cedar Point, AL"
cwaf1,"CWAF1 - Clear Water Pass, FL "
cwbf1,"CWBF1 - Clearwater Beach, FL"
dkkf1,"DKKF1 - Duck Key, FL"
dpia1,"DPIA1 - Dauphin Island, AL"
fhpf1,"FHPF1 - FHP - Fred Howard Park, FL"
fmoa1,"FMOA1 - Fort Morgan, AL"
fmrf1,"FMRF1 - Fort Myers, FL"
frdf1,"FRDF1 - Fernandina Beach, FL"
fwyf1,"FWYF1 - Fowey Rock, FL"
gbif1,"GBIF1 - Gunboat Island, FL"
gbrm6,"GBRM6 - Grand Bay NERR, Mississippi Sound, MS (NOS 8740166)"
gbtf1,"GBTF1 - Garfield Bight, FL"
gctf1,"GCTF1 - Gadsden Cut, Tampa Bay, FL"
gdxm6,"GDXM6 - Crooked Bayou, Grand Bay Reserve, MS"
gtxf1,"GTXF1 - Pellicer Creek, Guana Tolomato Matanzas Reserve, FL"
hcef1,"HCEF1 - Highway Creek, FL"
href1,"HREF1 - Harney River, FL"
jkyf1,"JKYF1 - Johnson Key, FL"
kata1,"KATA1 - Katrina Cut, AL"
kikt,KIKT - Mississippi Canyon 474 / Na Kika FPU (BP)
ktnf1,"KTNF1 - Keaton Beach, FL"
kvky,KVKY - Main Pass 289C (Apache Corp.)
kvoa,KVOA - Viosca Knoll 786 / Petronius (Chevron)
lbsf1,"LBSF1 - Little Blackwater, FL"
lkwf1,"LKWF1 - Lake Worth Pier, FL"
lmdf1,"LMDF1 - Little Madeira, FL"
lmrf1,"LMRF1 - Lostmans River, FL"
lrif1,"LRIF1 - Lane River, FL "
lsnf1,"LSNF1 - Long Sound, FL"
ltjf1,"LTJF1 - Little Jetties, St. Johns River, FL"
mbpa1,"MBPA1 - Middle Bay Port, Mobile Bay, AL"
mcga1,"MCGA1 - Coast Guard Sector Mobile, AL"
mcyf1,"MCYF1 - McKay Bay Entrance, FL"
mhpa1,"MHPA1 - Meaher Park, AL"
mtbf1,"MTBF1 - Middle Tampa Bay, FL"
mukf1,"MUKF1 - Murray Key, FL"
mypf1,"MYPF1 - Mayport (Bar Pilots Dock), FL"
npsf1,"NPSF1 - Naples, FL"
nrrf1,"NRRF1 - North River, FL"
obla1,"OBLA1 - Mobile State Docks, AL"
optf1,"OPTF1 - Old Port Tampa, FL"
pacf1,"PACF1 - Panama City, FL"
pcbf1,"PCBF1 - Panama City Beach, FL"
pclf1,"PCLF1 - Pensacola, FL"
pegf1,"PEGF1 - Port Everglades, FL"
pmaf1,"PMAF1 - Port Manatee, FL"
ptoa1,"PTOA1 - Pinto Island, AL"
pvgf1,"PVGF1 - Port Everglades Channel, FL"
rcyf1,"RCYF1 - Racy Point, St. Johns River, FL"
rkxf1,"RKXF1 - Upper Henderson Creek, Rookery Bay Reserve, FL"
sapf1,"SAPF1 - St. Petersburg, Tampa Bay, FL"
sauf1,"SAUF1 - St. Augustine, FL"
saxg1,"SAXG1 - Marsh Island, Sapelo Island Reserve, GA"
sgof1,"SGOF1 - Tyndall AFB Tower C (N4), FL"
shpf1,"SHPF1 - SHP - Shell Point, FL"
sipf1,"SIPF1 - Sebastian Inlet State Park North Jetty, FL"
spgf1,"SPGF1 - Settlement Point, GBI, Bahamas"
sref1,"SREF1 - Shark River, FL"
tbyf1,"TBYF1 - Terrapin Bay, FL"
tcvf1,"TCVF1 - Trout Cove, FL"
thrf1,"THRF1 - Thursday Point, FL"
tpaf1,"TPAF1 - TPA Cruise Terminal 2, Tampa, FL"
tpef1,"TPEF1 - Tarpon Bay East, FL"
trdf1,"TRDF1 - Trident Pier, FL"
trrf1,"TRRF1 - Taylor River, FL"
tshf1,"TSHF1 - East Bay Causeway, FL"
vakf1,"VAKF1 - Virginia Key, FL"
venf1,"VENF1 - Venice, FL"
wbya1,"WBYA1 -  8732828 - Weeks Bay, Mobile Bay, AL "
wiwf1,"WIWF1 - Willy Willy, FL"
wkxa1,"WKXA1 - Safe Harbor Met Station, Weeks Bay Reserve, AL"
wplf1,"WPLF1 - Watson Place, FL"
wrbf1,"WRBF1 - Whipray Basin, FL"
wwef1,"WWEF1 - White Water -West, FL"
agcm4,"AGCM4 - Algonac, MI"
apnm4,"APNM4 - Alpena Harbor Light, Alpena, MI"
bhri3,"BHRI3 - Burns Harbor, IN"
bigm4,"BIGM4 - Big Bay, MI"
bsbm4,"BSBM4 - Big Sable Point, MI"
bufn6,"BUFN6 - Buffalo, NY"
cbrw3,"CBRW3 - Chambers Island, WI"
chii2,"CHII2 - Harrison-Dever Crib, Chicago, IL"
clsm4,"CLSM4 - St. Clair Shores, MI"
cmti2,"CMTI2 - Calumet Harbor, IL"
cndo1,"CNDO1 - Cleveland, OH"
cnii2,"CNII2 - Northerly Isle, IL"
cwci,CWCI - Caribou Island
dbln6,"DBLN6 - Dunkirk, NY"
disw3,"DISW3 - Devils Island, WI"
dtlm4,"DTLM4 - De Tour Village, MI"
dulm5,"DULM5 - Duluth, MN"
erep1,EREP1 - Erie
faio1,"FAIO1 - Fairport, OH"
fptm4,"FPTM4 - Fairport, MI"
fsti2,"FSTI2 - Foster Ave., Chicago, IL"
ftgm4,"FTGM4 - Fort Gratiot, MI"
gdmm5,"GDMM5 - Grand Marais, MN"
grim4,"GRIM4 - Granite Island, MI"
grmm4,"GRMM4 - Grand Marais, MI"
gslm4,"GSLM4 - Gravelly Shoal Light, MI"
gtlm4,"GTLM4 - Grand Traverse Light, MI"
gtrm4,"GTRM4 - Superior Grand Traverse Bay, MI"
hhlo1,"HHLO1 - Huron Harbor Light, OH"
hlnm4,"HLNM4 - Holland, MI"
hrbm4,"HRBM4 - Harbor Beach, MI"
jaki2,"JAKI2 - 63rd St., Chicago, IL"
kgna,"KGNA - Bay of Grand Marais, MN"
knsw3,"KNSW3 - Kenosha Light, Kenosha, WI"
kp53,"KP53 - Munising Lake Shore, MI"
kp58,"KP58 - Port Hope, MI"
kp59,"KP59 - Copper Harbor, MI"
kwnw3,"KWNW3 - Kewaunee MET, WI"
ldtm4,"LDTM4 - Ludington, MI"
loro1,"LORO1 - Lorain Harbor, OH"
lpnm4,"LPNM4 - Alpena, MI "
ltrm4,"LTRM4 - Little Rapids, MI"
macm4,"MACM4 - Mackinaw City, MI"
mbrm4,"MBRM4 - Mouth of the Black River, MI "
mcgm4,"MCGM4 - Marquette C.G., MI"
mcyi3,"MCYI3 - Michigan City Harbor Entrance Light, Michigan City, IN"
mkgm4,"MKGM4 - Muskegon CG Station, Muskegon, MI"
mlww3,"MLWW3 - North Milwaukee Harbor Inlet Pier Light, Milwaukee, WI"
mnmm4,"MNMM4 - Menominee, MI"
mrho1,"MRHO1 - Marblehead, OH"
nabm4,"NABM4 - Naubinway, MI"
nian6,"NIAN6 - Niagara Intake, NY"
npdw3,"NPDW3 - Northport Pier at Death's Door, WI"
obgn6,"OBGN6 - Ogdensburg, NY"
olcn6,"OLCN6 - Olcott Harbor, NY"
osgn6,"OSGN6 - Oswego, NY"
owxo1,"OWXO1 - Old Woman Creek, Old Woman Creek Reserve, OH"
pclm4,"PCLM4 - Portage Canal, MI"
pilm4,"PILM4 - Passage Island, MI"
pkbw3,"PKBW3 - Pokegama Bay, Lake Superior Reserve, WI"
pnlm4,"PNLM4 - Port Inland, MI"
pscm4,"PSCM4 - Port Sanilac, MI"
pstn6,"PSTN6 - Sturgeon Point, NY"
ptim4,"PTIM4 - Point Iroquois, MI"
pwaw3,"PWAW3 - Port Washington, WI"
rckm4,"RCKM4 - Rock Cut, MI"
rcrn6,"RCRN6 - Rochester, NY"
roam4,"ROAM4 - Rock of Ages, MI"
rprn6,"RPRN6 - Rochester Coast Guard, NY"
sbio1,"SBIO1 - South Bass Island, OH"
sblm4,"SBLM4 - Saginaw Bay Light #1, MI"
sgnw3,"SGNW3 - Sheboygan, WI"
sjom4,"SJOM4 - St. Joseph, MI"
srlm4,"SRLM4 - Spectacle Reef Light, MI"
stdm4,"STDM4 - Stannard Rock, MI"
svnm4,"SVNM4 - South Haven Light, South Haven, MI"
swpm4,"SWPM4 - S.W. Pier, MI"
sxhw3,"SXHW3 - Saxon Harbor, WI"
tawm4,"TAWM4 - Tawas Point, MI"
tbim4,"TBIM4 - Thunder Bay Island, MI"
thlo1,THLO1 - Toledo Light No. 2 OH
thro1,"THRO1 - Toledo, OH"
twco1,"TWCO1 - Toledo Crib, OH"
wfpm4,"WFPM4 - Whitefish Point, MI"
whri2,"WHRI2 - Waukegan Harbor, IL"
wnem4,"WNEM4 - West Neebish Island, MI"
42002,"42002 - WEST GULF - 207 NM East of Brownsville, TX"
42019,"42019 - FREEPORT, TX - 60 NM South of Freeport, TX"
42020,"42020 - CORPUS CHRISTI, TX - 60NM SSE of Corpus Christi, TX"
42035,"42035 - GALVESTON,TX -  22 NM East of Galveston, TX"
42055,"42055 - BAY OF CAMPECHE - 214 NM NE of Veracruz, MX"
42360,42360 - BW Pioneer buoy - C16471 - Walker Ridge 249
42395,42395 - Shell Alcyone Buoy - C16522 - Walker Ridge 552
amrl1,"AMRL1 - LAWMA, Amerada Pass, LA"
anpt2,"ANPT2 - Aransas, Aransas Pass, TX"
awrt2,"AWRT2 - Aransas Wildlife Refuge, TX"
babt2,"BABT2 - Baffin Bay, TX"
bktl1,"BKTL1 - Lake Charles Bulk Terminal, LA"
burl1,"BURL1 - Southwest Pass, LA"
bygl1,"BYGL1 - West Bank 1, Bayou Gauche, LA"
bzst2,"BZST2 - SPI Brazos Santiago, TX "
capl1,"CAPL1 - Calcasieu Pass, LA"
carl1,"CARL1 - Carrollton, LA "
einl1,"EINL1 - North of Eugene Island, LA"
emat2,"EMAT2 - Matagorda City, TX"
eptt2,"EPTT2 - Eagle Point, TX"
fcgt2,"FCGT2 - USCG Freeport, TX"
fpst2,"FPST2 - Freeport SPIP, TX"
frel1,"FREL1 - 8762484- Frenier Landing, LA"
gisl1,"GISL1 - Grand Isle, LA"
gnjt2,"GNJT2 - Galveston Bay Entrance (North Jetty), TX"
grrt2,"GRRT2 - Galveston RR Bridge, TX"
gtot2,"GTOT2 - Galveston Pier 21, TX"
hist2,"HIST2 - High Island, TX"
irdt2,"IRDT2 - South Bird Island, TX"
katp,KATP - Green Canyon 787 / Atlantis (BP)
kbbf,KBBF - Brazos 133B (Apache Corp)
kbqx,KBQX - Brazos 538 (Transco)
kcvw,"KCVW - Cameron, LA (PHI)"
kdlp,KDLP - West Delta 27A (AngloSuisse Offshore Partners)
kemk,KEMK - East Breaks 165 (SandRidge Energy)
kgbk,KGBK - Garden Banks 783 / Magnolia TLP (ConocoPhillips)
kghb,KGHB - Garden Banks 172 / Salsa (Shell E & P)
kgry,KGRY - Green Canyon 338 / Front Runner (Murphy E&P;)
kgul,KGUL - Garden Banks 668 / Gunnison Spar (Anadarko)
khhv,KHHV - Alaminos Canyon 25 / Hoover-Diana (ExxonMobile Corp)
khqi,KHQI - High Island 376B (Apache)
kmdj,KMDJ - Mississippi Canyon 311A (Apache Corp)
kmis,KMIS - MP 140B  AWOS (Apache Corp)
kmzg,KMZG - Mustang Island A85A (Apache Corp)
kspr,KSPR - Ship Shoal 178 (Apache Corp)
kvaf,KVAF - East Breaks 643 / Boomvang Spar (Anadarko)
kvqt,KVQT - Vermillon 331A  (ERT / Helix)
kxih,KXIH - High Island 179A AWOS (Apache Corp)
kxpy,KXPY - Port Fourchon Heliport (Era Helicopters)
lcll1,"LCLL1 - Lake Charles, LA"
lopl1,"LOPL1 - Louisiana Offshore Oil Port, LA"
luit2,"LUIT2 - San Luis Pass, TX"
mgpt2,"MGPT2 - Morgans Point, TX"
mqtt2,"MQTT2 - Bob Hall Pier, Corpus Christi, TX"
mrsl1,"MRSL1 - Marsh Island, LA / CSI03"
ncht2,"NCHT2 - Manchester, TX "
nuet2,"NUET2 - Nueces Bay, TX"
nwcl1,"NWCL1 - New Canal Station, LA"
pact2,"PACT2 - Packery Channel, TX"
pcgt2,"PCGT2 - South Padre Island CGS, TX "
pcnt2,"PCNT2 - Port O'Connor, Matagorda Bay, TX"
pill1,"PILL1 - Pilottown, LA"
pmnt2,"PMNT2 - Port Mansfield, TX"
pnlm6,"PNLM6 - Pascagoula NOAA Lab, MS"
port2,"PORT2 - Port Arthur, TX"
pstl1,"PSTL1 - Pilot's Station East, SW Pass, LA"
ptat2,"PTAT2 - Port Aransas, TX"
ptbm6,"PTBM6 - Petit Bois Island, Port of Pascagoula, MS"
ptit2,"PTIT2 - Port Isabel, TX"
rcpt2,"RCPT2 - Rockport, TX"
rlit2,"RLIT2 - Realitos Peninsula, TX"
rlot2,"RLOT2 - Rollover Pass, TX"
rsjt2,"RSJT2 - Rincon del San Jose, TX"
rtat2,"RTAT2 - Port Aransas, TX"
sbpt2,"SBPT2 - Sabine Pass North, TX"
sdrt2,"SDRT2 - Seadrift, TX"
sgnt2,"SGNT2 - Sargent, TX"
shbl1,"SHBL1 - Shell Beach, LA"
spll1,"SPLL1 - South Timbalier Block 52, LA / CSI06"
srst2,"SRST2 - Sabine Pass, TX"
taqt2,"TAQT2 - USS Lexington, TX"
tesl1,"TESL1 - Tesoro Marine Terminal, Berwick, Atchafalaya River, LA"
txpt2,"TXPT2 - Texas Point, Sabine Pass, TX "
vcat2,"VCAT2 - Port Lavaca, TX "
wycm6,"WYCM6 - Bay Waveland Yacht Club, MS"
51000,51000 - NORTHERN HAWAII ONE - 245NM NE of Honolulu HI
51001,"51001 - NORTHWESTERN HAWAII ONE - 188 NM NW of Kauai Island, HI"
51002,"51002 - SOUTHWEST HAWAII - 215NM SSW of Hilo, HI"
51004,"51004 - SOUTHEAST HAWAII - 205 NM Southeast of Hilo, HI"
51101,"51101 - NORTHWESTERN HAWAII TWO - 186 NM NW of Kauai Is., HI   "
51201,"51201 - Waimea Bay, HI (106)"
51202,"51202 - Mokapu Point, HI (098)"
51205,"51205 - Pauwela, Maui, HI (187)"
51206,"51206 - Hilo, Hawaii, HI (188)"
51207,"51207 - Kaneohe Bay, HI (198)"
51208,"51208 - Hanalei, Kauai, HI (202)"
51210,"51210 - Kaneohe Bay, WETS, HI (225)"
51211,"51211 - Pearl Harbor Entrance, HI (233)"
51212,"51212 - Barbers Point, Kalaeloa, HI (238)"
51213,"51213 - Kaumalapau Southwest, Lanai, HI (239)"
51wh0,51WH0 - WHOTS - Woods Hole Ocean Time-series
iloh1,"ILOH1 - Hilo, HI"
klih1,"KLIH1 - Kahului, Kahului Harbor, HI"
kwhh1,"KWHH1 - Kawaihae, HI"
mokh1,"MOKH1 - Mokuoloe, HI"
nwwh1,"NWWH1 - Nawiliwili, HI"
oouh1,"OOUH1 - Honolulu, HI"
sndp5,"SNDP5 - Sand Island, Midway Islands"
44005,"44005 - GULF OF MAINE - 78 NM East of Portsmouth, NH"
44007,"44007 - PORTLAND - 12 NM Southeast of Portland,ME"
44009,"44009 - DELAWARE BAY 26 NM Southeast of Cape May, NJ"
44013,"44013 - BOSTON 16 NM East of Boston, MA"
44014,"44014 - VIRGINIA BEACH 64 NM East of Virginia Beach, VA"
44017,"44017 - MONTAUK POINT - 23 NM SSW of Montauk Point, NY"
44018,"44018 - CAPE COD - 9 NM North of Provincetown, MA"
44020,44020 - NANTUCKET SOUND
44025,"44025 - LONG ISLAND - 30 NM South of Islip, NY"
44027,"44027 - Jonesport, ME - 20 NM SE of Jonesport, ME"
44029,44029 - Buoy A01 - Massachusetts Bay
44030,44030 - Buoy B01 - Western Maine Shelf
44032,44032 - Buoy E01 - Central Maine Shelf
44033,44033 - Buoy F01 - Penobscot Bay
44034,44034 - Buoy I01 - Eastern Maine Shelf
44037,44037 - Buoy M01 - Jordan Basin
44042,"44042 - Potomac, MD"
44056,"44056 - Duck FRF, NC"
44058,"44058 - Stingray Point, VA"
44064,"44064 - First Landing, VA"
44065,"44065 - New York Harbor Entrance - 15 NM SE of Breezy Point , NY"
44072,"44072 - York Spit, VA   "
44086,"44086 - Nags Head, NC (243)"
44087,"44087 - Thimble Shoal, VA (240)"
44089,"44089 - Wallops Island, VA (224)"
44090,"44090 - Cape Cod Bay, MA (221)"
44091,"44091 - Barnegat, NJ (209)"
44097,"44097 - Block Island, RI  (154)"
44098,"44098 - Jeffrey's Ledge, NH (160)"
44099,"44099 - Cape Henry, VA (147)"
44100,"44100 - Duck FRF 26m, NC (430)"
acyn4,"ACYN4 - Atlantic City, NJ"
anmn6,"ANMN6 - Field Station, Hudson River Reserve, NY"
apam2,"APAM2 - Annapolis, MD"
atgm1,"ATGM1 - Bar Harbor, ME"
batn6,"BATN6 - The Battery, NY"
bdrn4,"BDRN4 - Burlington, Delaware River, NJ"
bdsp1,"BDSP1 - Bridesburg, PA"
bgnn4,"BGNN4 - Bergen Point West Reach, NY"
bgxn3,"BGXN3 - Greenland, Great Bay Reserve, NH"
bhbm3,"BHBM3 - Boston, MA"
bism2,"BISM2 - Bishops Head, MD"
bltm2,"BLTM2 - Baltimore, MD"
bltm3,"BLTM3 - Borden Flats Light at Fall River, MA"
brhc3,"BRHC3 - Bridgeport, CT"
brnd1,"BRND1 - Brandywine Shoal Light, DE"
bslm2,"BSLM2 - Jug Bay, Chesapeake Bay Reserve, MD"
buzm3,"BUZM3 - Buzzards Bay, MA"
bzbm3,"BZBM3 - Woods Hole, MA"
camm2,"CAMM2 - Cambridge, MD"
casm1,"CASM1 - Portland, ME"
cfwm1,"CFWM1 -  8411060 - Cutler Farris Wharf, ME"
chbv2,"CHBV2 - Chesapeake Bay Bridge Tunnel, VA"
chcm2,"CHCM2 - Chesapeake City, MD"
chyv2,"CHYV2 - Cape Henry, VA"
cman4,"CMAN4 - Cape May, NJ"
covm2,"COVM2 - Cove Point LNG Pier, MD"
cptr1,"CPTR1 - Conimicut Light, RI"
cpvm2,"CPVM2 - Chesapeake Bay Bridge Visibility, MD"
cryv2,"CRYV2 - South Craney Island, VA"
deld1,"DELD1 - Delaware City, DE"
domv2,"DOMV2 - Dominion Terminal Associates, VA"
drsd1,"DRSD1 - Saint Jones River, Delaware Reserve, DE"
dukn7,"DUKN7 -  8651370 - Duck Pier, NC "
foxr1,"FOXR1 - Providence, RI"
frfn7,"FRFN7 - USACE-CHL Field Research Facility, Duck, NC"
frvm3,"FRVM3 - Fall River, MA"
frxm3,"FRXM3 - Fall River Visibility, MA"
fskm2,"FSKM2 - Francis Scott Key Bridge, MD"
fsnm2,"FSNM2 - Francis Scott Key Bridge NE Tower, MD"
iosn3,"IOSN3 - Isle of Shoals, NH"
jcrn4,"JCRN4 - Nacote Creek, Jacques Cousteau Reserve, NJ"
kptn6,"KPTN6 - Kings Point, NY"
kptv2,"KPTV2 - Kiptopeke, VA"
ldlc3,"LDLC3 - New London Ledge Light, New London Harbor, CT"
lwsd1,"LWSD1 - Lewes, DE"
lwtv2,"LWTV2 - Lewisetta, VA"
mdrm1,"MDRM1 - Mt. Desert Rock, ME"
mhrn6,"MHRN6 - Mariners Harbor, NY"
mism1,"MISM1 - Matinicus Rock, ME"
mnpv2,"MNPV2 - Money Point, VA"
mrcp1,"MRCP1 - Marcus Hook, PA"
mtkn6,"MTKN6 - Montauk, NY"
naxr1,"NAXR1 - Potters Cove, Narragansett Bay Reserve, RI"
nblp1,"NBLP1 - Newbold, PA"
ncdv2,"NCDV2 - Dahlgren, VA"
nlnc3,"NLNC3 - New London, CT"
ntkm3,"NTKM3 - Nantucket Island, MA"
nwhc3,"NWHC3 - New Haven, CT"
nwpr1,"NWPR1 - Newport, RI"
ocim2,"OCIM2 - Ocean City Inlet, MD"
ocsm2,"OCSM2 - Ocean City, MD"
phbp1,"PHBP1 - Philadelphia, PA"
pptm2,"PPTM2 - Piney Point, MD"
prur1,"PRUR1 - Sandy Point, Prudence Island, RI"
psbm1,"PSBM1 - Eastport, ME"
ptcr1,"PTCR1 - Potter Cove, Prudence Island, RI"
pvdr1,"PVDR1 - Providence Visibility, RI"
qptr1,"QPTR1 - Quonset Point, RI"
rdyd1,"RDYD1 - Reedy Point, DE"
robn4,"ROBN4 - Robbins Reef, NJ"
rplv2,"RPLV2 - Rappahannock Light, VA"
sdhn4,"SDHN4 - Sandy Hook, NJ"
sjsn4,"SJSN4 - Ship John Shoal, NJ"
slim2,"SLIM2 - Solomons Island, MD"
swpv2,"SWPV2 - Sewells Point, VA"
tcbm2,"TCBM2 - Tolchester Beach, MD"
tkpn6,"TKPN6 -  Turkey Point Hudson River NERRS, NY"
tplm2,"TPLM2 - Thomas Point, MD"
wahv2,"WAHV2 - Wachapreague, VA"
wasd2,"WASD2 - Washington, DC"
waxm3,"WAXM3 - Carriage House, Waquoit Bay Reserve, MA"
wdsv2,"WDSV2 - Willoughby Deguassing Station, VA"
welm1,"WELM1 - Wells, ME"
wexm1,"WEXM1 - Laudholm Farm, Wells Reserve, ME"
ykrv2,"YKRV2 - York River East Rear Range Light, VA"
yktv2,"YKTV2 - Yorktown USCG Training Center, VA"
yrsv2,"YRSV2 - Taskinas Creek, Chesapeake Bay Reserve, VA"
46005,"46005 - WEST WASHINGTON - 300NM West of Aberdeen, WA"
46006,"46006 - SOUTHEAST PAPA - 600NM West of Eureka, CA"
46013,"46013 - BODEGA BAY - 48NM NW of San Francisco, CA"
46014,"46014 - PT ARENA - 19NM North of Point Arena, CA"
46022,"46022 - EEL RIVER - 17NM WSW of Eureka, CA"
46026,"46026 - SAN FRANCISCO - 18NM West of San Francisco, CA"
46027,"46027 - ST GEORGES - 8NM NW of Crescent City, CA"
46028,"46028 - CAPE SAN MARTIN - 55NM West NW of Morro Bay, CA"
46029,46029 - COLUMBIA RIVER BAR - 20NM West of Columbia River Mouth
46041,"46041 - CAPE ELIZABETH- 45NM NW of Aberdeen, WA"
46042,"46042 - MONTEREY - 27NM WNW of Monterey, CA"
46050,"46050 - STONEWALL BANK - 20NM West of Newport, OR"
46059,"46059 - WEST CALIFORNIA - 357NM West of San Francisco, CA"
46089,"46089 - TILLAMOOK, OR - 85 NM WNW of Tillamook, OR"
46092,46092 - MBM1
46097,46097 - OOI Newport Shelf
46099,46099 - OOI Westport Shelf
46100,46100 - OOI Westport Offshore
46114,"46114 - West Monterey Bay, CA (185)"
46120,"46120 - Pt Wells, WA (U of Wash)"
46121,"46121 - Carr Inlet, WA (U of Wash) "
46125,"46125 - Hansville - Hood Canal, WA"
46128,"46128 - Buoy CB-06 - West of Coos Bay, OR"
46211,"46211 - Grays Harbor, WA (036)"
46213,"46213 - Cape Mendocino, CA (094)"
46214,"46214 - Point Reyes, CA (029)"
46229,"46229 - UMPQUA OFFSHORE, OR (139)"
46237,"46237 - San Francisco Bar, CA  (142)"
46239,"46239 - Point Sur, CA (157)"
46240,"46240 - Cabrillo Point, Monterey Bay, CA  (158)"
46243,"46243 - Clatsop Spit, OR (162)"
46244,"46244 - Humboldt Bay, North Spit, CA (168)"
46248,"46248 - Astoria Canyon, OR  (179)"
aamc1,"AAMC1 - Alameda, CA"
anvc1,"ANVC1 - Arena Cove, CA"
asto3,"ASTO3 - Astoria, OR"
cecc1,"CECC1 - Crescent City, CA"
chao3,"CHAO3 - Charleston, OR"
cpxc1,"CPXC1 - Cal Poly Pier, CA"
desw1,"DESW1 - Destruction Island, WA"
dpxc1,"DPXC1 - Davis Point, San Pablo Bay, CA"
elxc1,"ELXC1 - Caspian Weather Station, Elkhorn Slough Reserve, CA"
ftpc1,"FTPC1 - San Francisco, CA"
hbyc1,"HBYC1 - North Spit, CA"
lapw1,"LAPW1 - La Push, WA"
lndc1,"LNDC1 - Oakland Berth 67, CA"
lopw1,"LOPW1 - Longview, WA"
meyc1,"MEYC1 - Monterey, CA"
mlsc1,"MLSC1 - Moss Landing, South Harbor, CA"
mzxc1,"MZXC1 - Martinez-Amorco Pier, CA"
nwpo3,"NWPO3 - Newport, OR"
obxc1,"OBXC1 - Oakland Berth 38, CA"
okxc1,"OKXC1 - Oakland Berth 34, CA"
omhc1,"OMHC1 - Oakland Middle Harbor Met, CA"
pcoc1,"PCOC1 - Port Chicago, CA"
poro3,"PORO3 - Port Orford, OR"
ppxc1,"PPXC1 - Point Potrero, Richmond, CA"
pryc1,"PRYC1 - Point Reyes, CA"
psbc1,"PSBC1 - Pittsburg (Suisun Bay), CA"
pslc1,"PSLC1 - Port San Luis, CA"
pxoc1,"PXOC1 - San Francisco Pier 1, CA"
pxsc1,"PXSC1 - Pier 17, San Francisco Bay, CA"
rcmc1,"RCMC1 - Richmond, CA"
rtyc1,"RTYC1 - Redwood City, CA"
sbeo3,"SBEO3 - South Beach, OR"
sfxc1,"SFXC1 - Rush Ranch, San Francisco Bay Reserve, CA"
snto3,"SNTO3 - Tom's Creek, South Slough Reserve, OR"
tcmw1,"TCMW1 - Tacoma Met, WA"
tcnw1,"TCNW1 - Tacoma, WA"
tibc1,"TIBC1 - Tiburon Pier, San Francisco Bay, CA"
tlbo3,"TLBO3 - Garibaldi, Tillamook Bay, OR"
tokw1,"TOKW1 - Toke Point, WA"
upbc1,"UPBC1 - Union Pacific Rail Road Bridge, Martinez, CA"
wpow1,"WPOW1 - West Point, WA"
wptw1,"WPTW1 - Westport, WA"
51209,"51209 - Aunuu, American Samoa (189)"
nstp6,"NSTP6 - Pago Pago, American Samoa"
41002,41002 - SOUTH HATTERAS - 225 NM South of Cape Hatteras
41004,"41004 - EDISTO - 41 NM Southeast of Charleston, SC"
41013,"41013 - Frying Pan Shoals, NC"
41024,"41024 - Sunset Nearshore, NC (SUN2)"
41029,"41029 - Capers Nearshore, SC (CAP2)"
41033,"41033 - Fripp Nearshore, SC (FRP2)"
41037,"41037 - Wrightsville Beach Offshore, NC (ILM3)"
41038,"41038 - Wrightsville Beach Nearshore, NC (ILM2)"
41064,"41064 - Onslow Bay Outer, NC (LEJ3)"
41108,"41108 - Wilmington Harbor, NC - (200)"
41110,"41110 - Masonboro Inlet, ILM2, NC (150)"
41159,"41159 - Onslow Bay Outer, NC (217)"
44095,"44095 - Oregon Inlet, NC (192)"
acxs1,"ACXS1 - Bennett's Point, ACE Basin Reserve, SC"
bftn7,"BFTN7 - Beaufort, NC"
chds1,"CHDS1 - Strom Thurmond Dam, SC"
chts1,"CHTS1 - Charleston, Cooper River Entrance, SC"
clkn7,"CLKN7 - Cape Lookout, NC"
fbis1,"FBIS1 - Folly Island, SC"
fpkg1,"FPKG1 - Fort Pulaski, GA"
hcgn7,"HCGN7 - USCG Station Hatteras, NC"
jmpn7,"JMPN7 - Johnny Mercer Pier, Wrightsville Beach, NC"
lmfs1,LMFS1 - Lake Murray SC
niws1,"NIWS1 - Oyster Landing, North Inlet-Winyah Bay Reserve, SC"
orin7,"ORIN7 - Oregon Inlet Marina, NC"
wats1,"WATS1 - Lake Wateree, SC"
wlon7,"WLON7 - Wilmington, NC"
46011,"46011 - SANTA MARIA - 21NM NW of Point Arguello, CA"
46025,"46025 - Santa Monica Basin - 33NM WSW of Santa Monica, CA"
46047,"46047 - TANNER BANK - 121NM West of San Diego, CA"
46053,"46053 - EAST SANTA BARBARA  - 12NM Southwest of Santa Barbara, CA"
46054,"46054 - WEST SANTA BARBARA  38 NM West of Santa Barbara, CA"
46069,46069 - SOUTH SANTA ROSA IS. CA
46086,"46086 - SAN CLEMENTE BASIN - 27NM SE Of San Clemente Is, CA"
46217,"46217 - Anacapa Passage, CA (111)"
46218,"46218 - Harvest, CA (071)"
46219,"46219 - San Nicolas Island, CA (067)"
46221,"46221 - Santa Monica Bay, CA (028)"
46222,"46222 - San Pedro, CA (092)"
46224,"46224 - Oceanside Offshore, CA (045)"
46225,"46225 - Torrey Pines Outer, CA (100)"
46232,"46232 - Point Loma South, CA  (191)"
46235,"46235 - Imperial Beach Nearshore, CA (155)"
46242,"46242 - Camp Pendleton Nearshore, CA  (043)"
46251,"46251 - Santa Cruz Basin, CA (203)"
46253,"46253 - San Pedro South, CA (213)"
46254,"46254 - SCRIPPS Nearshore, CA (201)"
46256,"46256 - Long Beach Channel, CA (215)"
46258,"46258 - Mission Bay West, CA (220)"
46259,"46259 - Santa Lucia Escarpment, CA (222)"
agxc1,"AGXC1 - Angels Gate, CA"
baxc1,BAXC1 - Los Angeles Badger Avenue Bridge
hrvc1,"HRVC1 - Harvest Oil Platform, CA"
icac1,ICAC1 - Santa Monica Pier
ljac1,"LJAC1 - La Jolla, CA"
ljpc1,"LJPC1 - La Jolla, CA (073)"
ntbc1,"NTBC1 - Santa Barbara, CA "
ohbc1,"OHBC1 - Los Angeles, CA"
pfdc1,"PFDC1 - Los Angeles Pier 400, CA"
pfxc1,"PFXC1 - Los Angeles Pier F, CA"
prjc1,"PRJC1 - Los Angeles Pier J, CA"
psxc1,PSXC1 - Los Angeles Pier S
ptgc1,"PTGC1 - Point Arguello, CA"
pxac1,"PXAC1 - Los Angeles Berth 161, CA"
sdbc1,"SDBC1 - San Diego, CA"
tixc1,"TIXC1 - Tidal Linkage, Tijuana River Reserve, CA"
41047,"41047 - NE BAHAMAS - 350 NM ENE of Nassau, Bahamas"
41049,41049 - SOUTH BERMUDA - 300 NM SSE of Bermuda
bepb6,"BEPB6 - Bermuda, St. Georges Island, BM"
frcb6,"FRCB6 - Bermuda, Ferry Reach Channel, BM"
